transaction_id;customer_id;channel;transaction_type;amount_ngn
FT-T009675;FT-C01330;USSD;Deposit;693454.45
FT-T009536;FT-C00590;Mobile App;Deposit;693006.62
FT-T005580;FT-C01048;POS;Deposit;686958.44
FT-T005494;FT-C00533;Web;Deposit;675336.55
FT-T011582;FT-C00031;Mobile App;Deposit;672369.02
FT-T008166;FT-C00811;Web;Deposit;656198.52
FT-T004601;FT-C00994;Web;Deposit;652685.59
FT-T005697;FT-C01486;Mobile App;Deposit;651566.54
FT-T006408;FT-C00772;Mobile App;Deposit;650580.09
FT-T008088;FT-C00422;Mobile App;Deposit;643678.47
