customer_id;channels_used
FT-C00984;5
FT-C01274;5
FT-C00982;5
FT-C00119;5
FT-C01409;5
FT-C01405;5
FT-C00977;5
FT-C01268;5
FT-C00298;5
FT-C00123;5
FT-C00962;5
FT-C00302;5
FT-C00125;5
FT-C00961;5
FT-C00306;5
FT-C00959;5
FT-C00955;5
FT-C00126;5
FT-C00310;5
FT-C00311;5
FT-C00952;5
FT-C00029;5
FT-C01265;5
FT-C00316;5
FT-C00317;5
FT-C01260;5
FT-C01251;5
FT-C00320;5
FT-C00940;5
FT-C00937;5
FT-C00936;5
FT-C00030;5
FT-C00925;5
FT-C00916;5
FT-C00327;5
FT-C00132;5
FT-C00892;5
FT-C01249;5
FT-C01454;5
FT-C01246;5
FT-C00879;5
FT-C00066;5
FT-C00137;5
FT-C00010;5
FT-C00140;5
FT-C00878;5
FT-C00141;5
FT-C01243;5
FT-C00341;5
FT-C01401;5
FT-C00343;5
FT-C00344;5
FT-C00345;5
FT-C00872;5
FT-C00347;5
FT-C01242;5
FT-C00349;5
FT-C00871;5
FT-C00351;5
FT-C01240;5
FT-C01229;5
FT-C00148;5
FT-C00845;5
FT-C01227;5
FT-C01453;5
FT-C00838;5
FT-C01219;5
FT-C00153;5
FT-C00362;5
FT-C01199;5
FT-C00155;5
FT-C01394;5
FT-C00831;5
FT-C01198;5
FT-C00072;5
FT-C00161;5
FT-C00828;5
FT-C01468;5
FT-C00822;5
FT-C00373;5
FT-C00810;5
FT-C00163;5
FT-C01195;5
FT-C00074;5
FT-C01189;5
FT-C00805;5
FT-C01181;5
FT-C00799;5
FT-C00382;5
FT-C00075;5
FT-C01383;5
FT-C00791;5
FT-C00388;5
FT-C00756;5
FT-C00035;5
FT-C00742;5
FT-C00394;5
FT-C01163;5
FT-C00737;5
FT-C00726;5
FT-C00399;5
FT-C00722;5
FT-C01161;5
FT-C00173;5
FT-C01154;5
FT-C00721;5
FT-C00175;5
FT-C01153;5
FT-C00719;5
FT-C00017;5
FT-C00718;5
FT-C00178;5
FT-C00716;5
FT-C01448;5
FT-C01367;5
FT-C00709;5
FT-C00701;5
FT-C00699;5
FT-C01148;5
FT-C00694;5
FT-C00686;5
FT-C00182;5
FT-C00424;5
FT-C00685;5
FT-C01363;5
FT-C00678;5
FT-C00664;5
FT-C01145;5
FT-C00660;5
FT-C00186;5
FT-C01349;5
FT-C00189;5
FT-C01136;5
FT-C00436;5
FT-C01133;5
FT-C01132;5
FT-C00656;5
FT-C00653;5
FT-C00632;5
FT-C00196;5
FT-C01130;5
FT-C01443;5
FT-C01340;5
FT-C00085;5
FT-C00625;5
FT-C00624;5
FT-C01118;5
FT-C01117;5
FT-C00623;5
FT-C00455;5
FT-C01116;5
FT-C01442;5
FT-C00621;5
FT-C00612;5
FT-C00594;5
FT-C00593;5
FT-C00205;5
FT-C01115;5
FT-C00583;5
FT-C00577;5
FT-C00018;5
FT-C01113;5
FT-C00209;5
FT-C01326;5
FT-C00576;5
FT-C01106;5
FT-C00212;5
FT-C01103;5
FT-C01087;5
FT-C00089;5
FT-C00574;5
FT-C00573;5
FT-C01078;5
FT-C00218;5
FT-C00483;5
FT-C01318;5
FT-C00572;5
FT-C00486;5
FT-C00487;5
FT-C00019;5
FT-C00570;5
FT-C00092;5
FT-C01068;5
FT-C00569;5
FT-C00564;5
FT-C00562;5
FT-C01066;5
FT-C00554;5
FT-C00500;5
FT-C01064;5
FT-C00502;5
FT-C00225;5
FT-C01061;5
FT-C00043;5
FT-C00553;5
FT-C00539;5
FT-C00508;5
FT-C00533;5
FT-C00530;5
FT-C01059;5
FT-C00007;5
FT-C01316;5
FT-C00529;5
FT-C01045;5
FT-C00232;5
FT-C00528;5
FT-C01439;5
FT-C00519;5
FT-C00234;5
FT-C00526;5
FT-C01043;5
FT-C01037;5
FT-C01036;5
FT-C01035;5
FT-C01423;5
FT-C00241;5
FT-C00047;5
FT-C01419;5
FT-C01034;5
FT-C01314;5
FT-C00022;5
FT-C01305;5
FT-C01033;5
FT-C00250;5
FT-C01302;5
FT-C00252;5
FT-C00253;5
FT-C00254;5
FT-C01418;5
FT-C01030;5
FT-C01462;5
FT-C01027;5
FT-C01471;5
FT-C00107;5
FT-C01413;5
FT-C01283;5
FT-C01014;5
FT-C01487;5
FT-C00266;5
FT-C01007;5
FT-C00268;5
FT-C00269;5
FT-C00111;5
FT-C00271;5
FT-C01004;5
FT-C01003;5
FT-C00998;5
FT-C00996;5
FT-C00994;5
FT-C00993;5
FT-C01282;5
FT-C00114;5
FT-C01457;5
FT-C00992;5
FT-C00285;5
FT-C00988;5
FT-C00027;5
FT-C01281;5
FT-C00001;4
FT-C00002;4
FT-C00004;4
FT-C00005;4
FT-C00008;4
FT-C00011;4
FT-C00013;4
FT-C00015;4
FT-C00021;4
FT-C00024;4
FT-C00025;4
FT-C00032;4
FT-C00034;4
FT-C00036;4
FT-C00041;4
FT-C00042;4
FT-C00044;4
FT-C00049;4
FT-C00051;4
FT-C00052;4
FT-C00055;4
FT-C00056;4
FT-C00057;4
FT-C00060;4
FT-C00063;4
FT-C00064;4
FT-C00067;4
FT-C00070;4
FT-C00073;4
FT-C00077;4
FT-C00078;4
FT-C00079;4
FT-C00083;4
FT-C00086;4
FT-C00087;4
FT-C00091;4
FT-C00093;4
FT-C00094;4
FT-C00096;4
FT-C00097;4
FT-C00098;4
FT-C00099;4
FT-C00101;4
FT-C00104;4
FT-C00105;4
FT-C00106;4
FT-C00108;4
FT-C00110;4
FT-C00115;4
FT-C00116;4
FT-C00120;4
FT-C00121;4
FT-C00127;4
FT-C00131;4
FT-C00134;4
FT-C00136;4
FT-C00138;4
FT-C00143;4
FT-C00151;4
FT-C00157;4
FT-C00160;4
FT-C00162;4
FT-C00165;4
FT-C00168;4
FT-C00169;4
FT-C00170;4
FT-C00177;4
FT-C00179;4
FT-C00180;4
FT-C00183;4
FT-C00188;4
FT-C00198;4
FT-C00199;4
FT-C00200;4
FT-C00204;4
FT-C00207;4
FT-C00210;4
FT-C00216;4
FT-C00219;4
FT-C00220;4
FT-C00221;4
FT-C00227;4
FT-C00229;4
FT-C00230;4
FT-C00233;4
FT-C00240;4
FT-C00242;4
FT-C00243;4
FT-C00246;4
FT-C00247;4
FT-C00248;4
FT-C00251;4
FT-C00255;4
FT-C00257;4
FT-C00259;4
FT-C00260;4
FT-C00262;4
FT-C00263;4
FT-C00265;4
FT-C00270;4
FT-C00280;4
FT-C00281;4
FT-C00283;4
FT-C00287;4
FT-C00288;4
FT-C00291;4
FT-C00293;4
FT-C00294;4
FT-C00295;4
FT-C00297;4
FT-C00300;4
FT-C00303;4
FT-C00309;4
FT-C00313;4
FT-C00315;4
FT-C00318;4
FT-C00319;4
FT-C00324;4
FT-C00328;4
FT-C00330;4
FT-C00331;4
FT-C00332;4
FT-C00334;4
FT-C00335;4
FT-C00336;4
FT-C00337;4
FT-C00339;4
FT-C00340;4
FT-C00342;4
FT-C00348;4
FT-C00353;4
FT-C00354;4
FT-C00355;4
FT-C00357;4
FT-C00358;4
FT-C00360;4
FT-C00361;4
FT-C00363;4
FT-C00364;4
FT-C00365;4
FT-C00367;4
FT-C00368;4
FT-C00369;4
FT-C00371;4
FT-C00375;4
FT-C00376;4
FT-C00377;4
FT-C00378;4
FT-C00380;4
FT-C00383;4
FT-C00384;4
FT-C00392;4
FT-C00395;4
FT-C00401;4
FT-C00403;4
FT-C00404;4
FT-C00407;4
FT-C00408;4
FT-C00410;4
FT-C00412;4
FT-C00414;4
FT-C00415;4
FT-C00420;4
FT-C00423;4
FT-C00426;4
FT-C00430;4
FT-C00432;4
FT-C00433;4
FT-C00434;4
FT-C00435;4
FT-C00437;4
FT-C00438;4
FT-C00443;4
FT-C00444;4
FT-C00445;4
FT-C00447;4
FT-C00448;4
FT-C00451;4
FT-C00452;4
FT-C00456;4
FT-C00457;4
FT-C00462;4
FT-C00463;4
FT-C00466;4
FT-C00468;4
FT-C00469;4
FT-C00471;4
FT-C00473;4
FT-C00474;4
FT-C00475;4
FT-C00476;4
FT-C00477;4
FT-C00481;4
FT-C00482;4
FT-C00484;4
FT-C00489;4
FT-C00491;4
FT-C00492;4
FT-C00497;4
FT-C00501;4
FT-C00503;4
FT-C00504;4
FT-C00505;4
FT-C00511;4
FT-C00512;4
FT-C00513;4
FT-C00515;4
FT-C00516;4
FT-C00518;4
FT-C00521;4
FT-C00523;4
FT-C00525;4
FT-C00531;4
FT-C00532;4
FT-C00534;4
FT-C00535;4
FT-C00536;4
FT-C00538;4
FT-C00540;4
FT-C00542;4
FT-C00547;4
FT-C00549;4
FT-C00552;4
FT-C00557;4
FT-C00558;4
FT-C00560;4
FT-C00561;4
FT-C00563;4
FT-C00571;4
FT-C00575;4
FT-C00578;4
FT-C00579;4
FT-C00580;4
FT-C00582;4
FT-C00586;4
FT-C00588;4
FT-C00589;4
FT-C00590;4
FT-C00595;4
FT-C00598;4
FT-C00599;4
FT-C00602;4
FT-C00607;4
FT-C00608;4
FT-C00609;4
FT-C00611;4
FT-C00615;4
FT-C00617;4
FT-C00620;4
FT-C00626;4
FT-C00635;4
FT-C00636;4
FT-C00637;4
FT-C00639;4
FT-C00640;4
FT-C00645;4
FT-C00647;4
FT-C00648;4
FT-C00651;4
FT-C00655;4
FT-C00657;4
FT-C00658;4
FT-C00662;4
FT-C00663;4
FT-C00665;4
FT-C00667;4
FT-C00669;4
FT-C00671;4
FT-C00672;4
FT-C00673;4
FT-C00674;4
FT-C00675;4
FT-C00677;4
FT-C00682;4
FT-C00684;4
FT-C00687;4
FT-C00690;4
FT-C00692;4
FT-C00693;4
FT-C00702;4
FT-C00704;4
FT-C00705;4
FT-C00712;4
FT-C00715;4
FT-C00717;4
FT-C00723;4
FT-C00727;4
FT-C00728;4
FT-C00729;4
FT-C00730;4
FT-C00733;4
FT-C00736;4
FT-C00738;4
FT-C00740;4
FT-C00741;4
FT-C00744;4
FT-C00745;4
FT-C00749;4
FT-C00750;4
FT-C00754;4
FT-C00755;4
FT-C00757;4
FT-C00761;4
FT-C00762;4
FT-C00764;4
FT-C00765;4
FT-C00766;4
FT-C00768;4
FT-C00770;4
FT-C00773;4
FT-C00774;4
FT-C00775;4
FT-C00777;4
FT-C00778;4
FT-C00783;4
FT-C00789;4
FT-C00790;4
FT-C00792;4
FT-C00793;4
FT-C00794;4
FT-C00797;4
FT-C00800;4
FT-C00801;4
FT-C00803;4
FT-C00804;4
FT-C00809;4
FT-C00812;4
FT-C00816;4
FT-C00818;4
FT-C00821;4
FT-C00823;4
FT-C00824;4
FT-C00825;4
FT-C00826;4
FT-C00827;4
FT-C00834;4
FT-C00835;4
FT-C00836;4
FT-C00839;4
FT-C00840;4
FT-C00842;4
FT-C00849;4
FT-C00853;4
FT-C00855;4
FT-C00858;4
FT-C00859;4
FT-C00862;4
FT-C00863;4
FT-C00864;4
FT-C00865;4
FT-C00867;4
FT-C00869;4
FT-C00870;4
FT-C00874;4
FT-C00883;4
FT-C00885;4
FT-C00891;4
FT-C00893;4
FT-C00894;4
FT-C00898;4
FT-C00899;4
FT-C00900;4
FT-C00901;4
FT-C00902;4
FT-C00903;4
FT-C00904;4
FT-C00907;4
FT-C00908;4
FT-C00909;4
FT-C00910;4
FT-C00911;4
FT-C00912;4
FT-C00915;4
FT-C00917;4
FT-C00921;4
FT-C00922;4
FT-C00924;4
FT-C00930;4
FT-C00931;4
FT-C00932;4
FT-C00938;4
FT-C00942;4
FT-C00945;4
FT-C00946;4
FT-C00948;4
FT-C00956;4
FT-C00957;4
FT-C00958;4
FT-C00965;4
FT-C00968;4
FT-C00969;4
FT-C00970;4
FT-C00971;4
FT-C00973;4
FT-C00980;4
FT-C00981;4
FT-C00985;4
FT-C00989;4
FT-C00990;4
FT-C00991;4
FT-C00995;4
FT-C00997;4
FT-C01009;4
FT-C01010;4
FT-C01011;4
FT-C01012;4
FT-C01013;4
FT-C01015;4
FT-C01016;4
FT-C01017;4
FT-C01018;4
FT-C01019;4
FT-C01021;4
FT-C01022;4
FT-C01024;4
FT-C01028;4
FT-C01031;4
FT-C01038;4
FT-C01039;4
FT-C01040;4
FT-C01041;4
FT-C01046;4
FT-C01050;4
FT-C01054;4
FT-C01055;4
FT-C01057;4
FT-C01060;4
FT-C01071;4
FT-C01073;4
FT-C01075;4
FT-C01076;4
FT-C01077;4
FT-C01082;4
FT-C01083;4
FT-C01086;4
FT-C01089;4
FT-C01090;4
FT-C01094;4
FT-C01096;4
FT-C01097;4
FT-C01101;4
FT-C01102;4
FT-C01107;4
FT-C01109;4
FT-C01112;4
FT-C01119;4
FT-C01121;4
FT-C01123;4
FT-C01126;4
FT-C01129;4
FT-C01138;4
FT-C01140;4
FT-C01143;4
FT-C01157;4
FT-C01162;4
FT-C01164;4
FT-C01165;4
FT-C01167;4
FT-C01170;4
FT-C01171;4
FT-C01173;4
FT-C01176;4
FT-C01177;4
FT-C01179;4
FT-C01180;4
FT-C01182;4
FT-C01183;4
FT-C01185;4
FT-C01187;4
FT-C01190;4
FT-C01191;4
FT-C01197;4
FT-C01203;4
FT-C01205;4
FT-C01206;4
FT-C01208;4
FT-C01211;4
FT-C01212;4
FT-C01213;4
FT-C01214;4
FT-C01215;4
FT-C01216;4
FT-C01224;4
FT-C01226;4
FT-C01230;4
FT-C01235;4
FT-C01244;4
FT-C01247;4
FT-C01248;4
FT-C01250;4
FT-C01253;4
FT-C01256;4
FT-C01261;4
FT-C01263;4
FT-C01264;4
FT-C01267;4
FT-C01270;4
FT-C01271;4
FT-C01280;4
FT-C01284;4
FT-C01285;4
FT-C01288;4
FT-C01293;4
FT-C01296;4
FT-C01297;4
FT-C01300;4
FT-C01303;4
FT-C01304;4
FT-C01311;4
FT-C01313;4
FT-C01317;4
FT-C01320;4
FT-C01322;4
FT-C01328;4
FT-C01330;4
FT-C01332;4
FT-C01333;4
FT-C01334;4
FT-C01335;4
FT-C01337;4
FT-C01342;4
FT-C01345;4
FT-C01346;4
FT-C01347;4
FT-C01348;4
FT-C01351;4
FT-C01352;4
FT-C01355;4
FT-C01356;4
FT-C01358;4
FT-C01361;4
FT-C01362;4
FT-C01364;4
FT-C01365;4
FT-C01366;4
FT-C01369;4
FT-C01370;4
FT-C01374;4
FT-C01375;4
FT-C01376;4
FT-C01381;4
FT-C01384;4
FT-C01385;4
FT-C01388;4
FT-C01389;4
FT-C01391;4
FT-C01392;4
FT-C01393;4
FT-C01395;4
FT-C01396;4
FT-C01397;4
FT-C01400;4
FT-C01404;4
FT-C01406;4
FT-C01407;4
FT-C01410;4
FT-C01412;4
FT-C01416;4
FT-C01420;4
FT-C01421;4
FT-C01422;4
FT-C01424;4
FT-C01426;4
FT-C01427;4
FT-C01428;4
FT-C01429;4
FT-C01434;4
FT-C01435;4
FT-C01436;4
FT-C01438;4
FT-C01440;4
FT-C01447;4
FT-C01449;4
FT-C01452;4
FT-C01455;4
FT-C01456;4
FT-C01458;4
FT-C01460;4
FT-C01461;4
FT-C01463;4
FT-C01464;4
FT-C01466;4
FT-C01467;4
FT-C01469;4
FT-C01472;4
FT-C01474;4
FT-C01475;4
FT-C01479;4
FT-C01480;4
FT-C01482;4
FT-C01483;4
FT-C01486;4
FT-C01488;4
FT-C01490;4
FT-C01491;4
FT-C01492;4
FT-C01493;4
FT-C01494;4
FT-C01496;4
FT-C01498;4
FT-C01499;4
FT-C01437;3
FT-C00128;3
FT-C00307;3
FT-C00304;3
FT-C00301;3
FT-C00963;3
FT-C00964;3
FT-C01266;3
FT-C00966;3
FT-C01495;3
FT-C00122;3
FT-C01269;3
FT-C01386;3
FT-C00972;3
FT-C00045;3
FT-C00974;3
FT-C00975;3
FT-C00976;3
FT-C00296;3
FT-C00978;3
FT-C01272;3
FT-C01273;3
FT-C00292;3
FT-C00289;3
FT-C00118;3
FT-C00986;3
FT-C00987;3
FT-C00286;3
FT-C01275;3
FT-C01277;3
FT-C01278;3
FT-C00284;3
FT-C00279;3
FT-C00278;3
FT-C00016;3
FT-C00277;3
FT-C00117;3
FT-C00276;3
FT-C00999;3
FT-C01000;3
FT-C01002;3
FT-C00275;3
FT-C00273;3
FT-C01006;3
FT-C00267;3
FT-C01008;3
FT-C00113;3
FT-C00109;3
FT-C01441;3
FT-C00039;3
FT-C01287;3
FT-C00264;3
FT-C00038;3
FT-C01289;3
FT-C01290;3
FT-C01291;3
FT-C00071;3
FT-C01294;3
FT-C01295;3
FT-C01023;3
FT-C01445;3
FT-C01025;3
FT-C00258;3
FT-C01446;3
FT-C01029;3
FT-C00256;3
FT-C01298;3
FT-C00249;3
FT-C00244;3
FT-C00239;3
FT-C00237;3
FT-C00236;3
FT-C01299;3
FT-C01481;3
FT-C01301;3
FT-C00103;3
FT-C01042;3
FT-C00235;3
FT-C00231;3
FT-C01398;3
FT-C01047;3
FT-C01048;3
FT-C01049;3
FT-C01399;3
FT-C01051;3
FT-C01052;3
FT-C01053;3
FT-C00102;3
FT-C01307;3
FT-C01056;3
FT-C01308;3
FT-C01058;3
FT-C00228;3
FT-C01309;3
FT-C00226;3
FT-C00224;3
FT-C01065;3
FT-C00223;3
FT-C00524;3
FT-C01067;3
FT-C00522;3
FT-C00527;3
FT-C00517;3
FT-C00514;3
FT-C00510;3
FT-C00222;3
FT-C01069;3
FT-C00509;3
FT-C01310;3
FT-C01072;3
FT-C00037;3
FT-C00537;3
FT-C01074;3
FT-C00507;3
FT-C01312;3
FT-C00541;3
FT-C00068;3
FT-C00543;3
FT-C00544;3
FT-C00545;3
FT-C00546;3
FT-C00100;3
FT-C00548;3
FT-C00217;3
FT-C00550;3
FT-C00551;3
FT-C01079;3
FT-C00506;3
FT-C00498;3
FT-C00555;3
FT-C00556;3
FT-C01081;3
FT-C01315;3
FT-C00559;3
FT-C00095;3
FT-C01084;3
FT-C00495;3
FT-C01402;3
FT-C00494;3
FT-C00565;3
FT-C00566;3
FT-C00568;3
FT-C00493;3
FT-C00490;3
FT-C00214;3
FT-C00485;3
FT-C00480;3
FT-C00478;3
FT-C01088;3
FT-C00472;3
FT-C00465;3
FT-C00090;3
FT-C01319;3
FT-C01091;3
FT-C01092;3
FT-C00464;3
FT-C00585;3
FT-C01093;3
FT-C00587;3
FT-C01403;3
FT-C01095;3
FT-C01470;3
FT-C00592;3
FT-C00461;3
FT-C00460;3
FT-C01323;3
FT-C00596;3
FT-C00597;3
FT-C01098;3
FT-C01099;3
FT-C00600;3
FT-C00601;3
FT-C01100;3
FT-C00603;3
FT-C00605;3
FT-C00606;3
FT-C01324;3
FT-C01325;3
FT-C00213;3
FT-C00610;3
FT-C01104;3
FT-C00459;3
FT-C00614;3
FT-C00211;3
FT-C00088;3
FT-C00618;3
FT-C00619;3
FT-C01108;3
FT-C00458;3
FT-C00622;3
FT-C00454;3
FT-C00450;3
FT-C00449;3
FT-C00059;3
FT-C00627;3
FT-C00628;3
FT-C00629;3
FT-C00630;3
FT-C00441;3
FT-C00633;3
FT-C00634;3
FT-C01110;3
FT-C01111;3
FT-C01329;3
FT-C00638;3
FT-C00208;3
FT-C01114;3
FT-C00641;3
FT-C00643;3
FT-C00644;3
FT-C00206;3
FT-C00646;3
FT-C00203;3
FT-C00202;3
FT-C00649;3
FT-C00201;3
FT-C00652;3
FT-C00440;3
FT-C00654;3
FT-C01451;3
FT-C00439;3
FT-C01120;3
FT-C01331;3
FT-C00659;3
FT-C00431;3
FT-C01122;3
FT-C00012;3
FT-C00428;3
FT-C01124;3
FT-C00666;3
FT-C01125;3
FT-C00058;3
FT-C00670;3
FT-C01127;3
FT-C01128;3
FT-C00033;3
FT-C00197;3
FT-C01131;3
FT-C00676;3
FT-C00194;3
FT-C00427;3
FT-C00679;3
FT-C00680;3
FT-C00192;3
FT-C00683;3
FT-C01134;3
FT-C00425;3
FT-C00422;3
FT-C01135;3
FT-C00688;3
FT-C00689;3
FT-C00191;3
FT-C01411;3
FT-C01139;3
FT-C00421;3
FT-C00695;3
FT-C00697;3
FT-C00698;3
FT-C00419;3
FT-C00417;3
FT-C01336;3
FT-C00703;3
FT-C01141;3
FT-C01142;3
FT-C00706;3
FT-C00707;3
FT-C00708;3
FT-C00416;3
FT-C00711;3
FT-C00031;3
FT-C00713;3
FT-C00714;3
FT-C00185;3
FT-C00413;3
FT-C01147;3
FT-C00411;3
FT-C00409;3
FT-C00406;3
FT-C00400;3
FT-C00181;3
FT-C00724;3
FT-C00397;3
FT-C01150;3
FT-C01151;3
FT-C01152;3
FT-C00176;3
FT-C00731;3
FT-C00732;3
FT-C00174;3
FT-C00735;3
FT-C01156;3
FT-C00396;3
FT-C01338;3
FT-C00739;3
FT-C01159;3
FT-C01160;3
FT-C00393;3
FT-C00743;3
FT-C00172;3
FT-C01339;3
FT-C00746;3
FT-C00747;3
FT-C00171;3
FT-C00084;3
FT-C00751;3
FT-C00752;3
FT-C00753;3
FT-C01341;3
FT-C00053;3
FT-C00391;3
FT-C01168;3
FT-C00759;3
FT-C00760;3
FT-C01343;3
FT-C01414;3
FT-C01415;3
FT-C01175;3
FT-C01489;3
FT-C00767;3
FT-C01417;3
FT-C00769;3
FT-C01178;3
FT-C00771;3
FT-C00772;3
FT-C00082;3
FT-C00050;3
FT-C00167;3
FT-C00776;3
FT-C00048;3
FT-C01353;3
FT-C00779;3
FT-C00780;3
FT-C00781;3
FT-C01184;3
FT-C00785;3
FT-C00786;3
FT-C00787;3
FT-C00788;3
FT-C01354;3
FT-C01186;3
FT-C00385;3
FT-C01473;3
FT-C01188;3
FT-C00166;3
FT-C00795;3
FT-C00796;3
FT-C00026;3
FT-C00798;3
FT-C00381;3
FT-C01357;3
FT-C01193;3
FT-C01194;3
FT-C00164;3
FT-C00379;3
FT-C00807;3
FT-C00808;3
FT-C01196;3
FT-C00374;3
FT-C00811;3
FT-C01500;3
FT-C00813;3
FT-C00814;3
FT-C00815;3
FT-C00158;3
FT-C00817;3
FT-C00154;3
FT-C00819;3
FT-C00820;3
FT-C01200;3
FT-C00372;3
FT-C01201;3
FT-C01202;3
FT-C01359;3
FT-C01204;3
FT-C01360;3
FT-C00370;3
FT-C00829;3
FT-C00366;3
FT-C00046;3
FT-C01459;3
FT-C01209;3
FT-C00837;3
FT-C00359;3
FT-C00081;3
FT-C01497;3
FT-C00841;3
FT-C01476;3
FT-C00843;3
FT-C00356;3
FT-C00846;3
FT-C00847;3
FT-C00848;3
FT-C00023;3
FT-C00850;3
FT-C00851;3
FT-C00080;3
FT-C00854;3
FT-C01368;3
FT-C00856;3
FT-C00857;3
FT-C01217;3
FT-C00152;3
FT-C00861;3
FT-C01220;3
FT-C01221;3
FT-C01222;3
FT-C01223;3
FT-C01477;3
FT-C00868;3
FT-C01225;3
FT-C01430;3
FT-C00350;3
FT-C00346;3
FT-C00873;3
FT-C00149;3
FT-C00875;3
FT-C00876;3
FT-C00877;3
FT-C00338;3
FT-C00333;3
FT-C00881;3
FT-C00882;3
FT-C01228;3
FT-C00147;3
FT-C00886;3
FT-C00887;3
FT-C00888;3
FT-C00889;3
FT-C01371;3
FT-C00329;3
FT-C01231;3
FT-C01234;3
FT-C00896;3
FT-C00897;3
FT-C01372;3
FT-C01236;3
FT-C01237;3
FT-C01238;3
FT-C01239;3
FT-C00145;3
FT-C00144;3
FT-C00905;3
FT-C00906;3
FT-C00142;3
FT-C01432;3
FT-C00135;3
FT-C01478;3
FT-C01465;3
FT-C00133;3
FT-C00913;3
FT-C00914;3
FT-C01378;3
FT-C00326;3
FT-C00130;3
FT-C00918;3
FT-C00919;3
FT-C00920;3
FT-C01252;3
FT-C01379;3
FT-C01254;3
FT-C00325;3
FT-C00926;3
FT-C00927;3
FT-C00928;3
FT-C00929;3
FT-C01255;3
FT-C01380;3
FT-C01257;3
FT-C00934;3
FT-C00323;3
FT-C00322;3
FT-C01258;3
FT-C00939;3
FT-C00321;3
FT-C00941;3
FT-C01259;3
FT-C00943;3
FT-C00944;3
FT-C00129;3
FT-C00009;3
FT-C00947;3
FT-C01262;3
FT-C00949;3
FT-C00950;3
FT-C00951;3
FT-C00312;3
FT-C00308;3
FT-C00076;3
