customer_id;total_transactions
FT-C01296;20
FT-C00965;19
FT-C01487;18
FT-C00209;18
FT-C00351;18
FT-C00357;18
FT-C01037;17
FT-C01423;17
FT-C00816;17
FT-C00959;17
FT-C00791;16
FT-C01061;16
FT-C00179;16
FT-C00343;16
FT-C00765;16
FT-C00898;16
FT-C00399;16
FT-C01056;16
FT-C00225;16
FT-C01148;16
FT-C00970;15
FT-C01240;15
FT-C01421;15
FT-C00757;15
FT-C00637;15
FT-C00908;15
FT-C01004;15
FT-C01043;15
FT-C00107;15
FT-C00883;14
FT-C00027;14
FT-C01418;14
FT-C00339;14
FT-C00937;14
FT-C00509;14
FT-C01066;14
FT-C00988;14
FT-C01003;14
FT-C01283;14
FT-C00358;14
FT-C00685;14
FT-C00497;14
FT-C00293;14
FT-C00508;14
FT-C01361;14
FT-C00270;14
FT-C01040;14
FT-C00134;13
FT-C01206;13
FT-C01277;13
FT-C01099;13
FT-C01363;13
FT-C00573;13
FT-C00679;13
FT-C01064;13
FT-C00931;13
FT-C00579;13
FT-C00877;13
FT-C01480;13
FT-C00570;13
FT-C00243;13
FT-C00618;13
FT-C00948;13
FT-C00087;13
FT-C00421;13
FT-C00080;13
FT-C01383;13
FT-C00699;13
FT-C01054;13
FT-C00368;13
FT-C00344;13
FT-C01143;13
FT-C00543;13
FT-C00615;13
FT-C01318;13
FT-C00377;13
FT-C00907;13
FT-C01285;13
FT-C00395;13
FT-C00445;13
FT-C00812;13
FT-C00111;13
FT-C01493;13
FT-C00451;13
FT-C01157;13
FT-C00077;13
FT-C00528;13
FT-C00549;13
FT-C01263;13
FT-C00794;13
FT-C01412;12
FT-C01060;12
FT-C00157;12
FT-C00624;12
FT-C00571;12
FT-C00200;12
FT-C00702;12
FT-C00994;12
FT-C00466;12
FT-C01365;12
FT-C00701;12
FT-C00266;12
FT-C00690;12
FT-C00169;12
FT-C01334;12
FT-C01462;12
FT-C00232;12
FT-C00129;12
FT-C01015;12
FT-C01416;12
FT-C00798;12
FT-C01284;12
FT-C00462;12
FT-C00869;12
FT-C00018;12
FT-C01156;12
FT-C00940;12
FT-C01404;12
FT-C00066;12
FT-C00036;12
FT-C00362;12
FT-C00743;12
FT-C00221;12
FT-C00147;12
FT-C00580;12
FT-C01251;12
FT-C00993;12
FT-C00804;12
FT-C00737;12
FT-C00487;12
FT-C00412;12
FT-C00384;12
FT-C01324;12
FT-C00373;12
FT-C00022;12
FT-C00882;12
FT-C00651;12
FT-C00259;12
FT-C00529;12
FT-C00126;12
FT-C00320;12
FT-C01376;12
FT-C01419;12
FT-C01379;12
FT-C01173;12
FT-C00085;12
FT-C00280;12
FT-C00900;12
FT-C01353;12
FT-C01087;12
FT-C00430;12
FT-C00523;12
FT-C01388;12
FT-C00656;12
FT-C01261;12
FT-C01154;12
FT-C00141;12
FT-C01305;12
FT-C00878;12
FT-C01236;12
FT-C00547;11
FT-C01085;11
FT-C00491;11
FT-C00936;11
FT-C00033;11
FT-C01227;11
FT-C00407;11
FT-C00406;11
FT-C01265;11
FT-C00533;11
FT-C01364;11
FT-C00770;11
FT-C00375;11
FT-C01453;11
FT-C01346;11
FT-C00840;11
FT-C00388;11
FT-C00884;11
FT-C00799;11
FT-C01029;11
FT-C00756;11
FT-C00394;11
FT-C00612;11
FT-C00998;11
FT-C00560;11
FT-C00089;11
FT-C00721;11
FT-C00072;11
FT-C00010;11
FT-C00165;11
FT-C00899;11
FT-C01272;11
FT-C01017;11
FT-C00578;11
FT-C01215;11
FT-C00984;11
FT-C00035;11
FT-C00872;11
FT-C00796;11
FT-C00204;11
FT-C00347;11
FT-C00214;11
FT-C01486;11
FT-C00548;11
FT-C01311;11
FT-C00766;11
FT-C00234;11
FT-C00162;11
FT-C01007;11
FT-C00256;11
FT-C00364;11
FT-C01153;11
FT-C01316;11
FT-C00452;11
FT-C00828;11
FT-C01051;11
FT-C01367;11
FT-C00569;11
FT-C00125;11
FT-C00531;11
FT-C01459;11
FT-C00367;11
FT-C01129;11
FT-C01014;11
FT-C01118;11
FT-C00300;11
FT-C00262;11
FT-C01420;11
FT-C00719;11
FT-C00392;11
FT-C01320;11
FT-C00436;11
FT-C00143;11
FT-C00519;11
FT-C00614;11
FT-C00831;11
FT-C00327;11
FT-C01500;11
FT-C01199;11
FT-C00155;11
FT-C01268;11
FT-C00017;11
FT-C01059;11
FT-C01455;11
FT-C00231;11
FT-C00726;11
FT-C00955;11
FT-C01483;11
FT-C00621;11
FT-C00928;11
FT-C01340;11
FT-C00104;11
FT-C00561;11
FT-C00189;11
FT-C01116;11
FT-C00903;11
FT-C00542;11
FT-C00447;11
FT-C00896;11
FT-C00588;11
FT-C00515;11
FT-C00662;11
FT-C00593;11
FT-C00694;11
FT-C01461;11
FT-C01264;11
FT-C01243;11
FT-C00023;11
FT-C00718;11
FT-C00996;11
FT-C00576;11
FT-C00083;11
FT-C00456;11
FT-C01448;11
FT-C00973;11
FT-C00030;11
FT-C01351;11
FT-C01452;11
FT-C00992;11
FT-C01077;11
FT-C01068;11
FT-C01134;11
FT-C00961;11
FT-C00524;11
FT-C00857;11
FT-C00026;11
FT-C00530;11
FT-C00892;11
FT-C00870;11
FT-C00302;11
FT-C00603;10
FT-C00901;10
FT-C01369;10
FT-C01345;10
FT-C00776;10
FT-C00643;10
FT-C01394;10
FT-C00749;10
FT-C00867;10
FT-C00674;10
FT-C00774;10
FT-C00031;10
FT-C00432;10
FT-C00019;10
FT-C00257;10
FT-C00096;10
FT-C00592;10
FT-C00915;10
FT-C00397;10
FT-C00956;10
FT-C01041;10
FT-C01381;10
FT-C00924;10
FT-C00163;10
FT-C00777;10
FT-C00229;10
FT-C01132;10
FT-C00217;10
FT-C00306;10
FT-C00137;10
FT-C01460;10
FT-C00369;10
FT-C01477;10
FT-C00938;10
FT-C00387;10
FT-C00486;10
FT-C01229;10
FT-C00473;10
FT-C01469;10
FT-C00079;10
FT-C00886;10
FT-C01217;10
FT-C01195;10
FT-C00011;10
FT-C01260;10
FT-C01163;10
FT-C00957;10
FT-C00342;10
FT-C01262;10
FT-C00640;10
FT-C00255;10
FT-C01117;10
FT-C00202;10
FT-C01454;10
FT-C00021;10
FT-C01079;10
FT-C00055;10
FT-C00103;10
FT-C00977;10
FT-C00298;10
FT-C01086;10
FT-C00672;10
FT-C00233;10
FT-C00715;10
FT-C01198;10
FT-C00557;10
FT-C00657;10
FT-C01439;10
FT-C01476;10
FT-C01034;10
FT-C01193;10
FT-C00783;10
FT-C00997;10
FT-C00952;10
FT-C00117;10
FT-C00551;10
FT-C00341;10
FT-C01221;10
FT-C00355;10
FT-C01282;10
FT-C00564;10
FT-C01406;10
FT-C00982;10
FT-C00639;10
FT-C00444;10
FT-C01321;10
FT-C00167;10
FT-C00056;10
FT-C01249;10
FT-C00227;10
FT-C01405;10
FT-C01075;10
FT-C01067;10
FT-C00761;10
FT-C00052;10
FT-C01219;10
FT-C01401;10
FT-C00123;10
FT-C00861;10
FT-C00652;10
FT-C00768;10
FT-C01494;10
FT-C00617;10
FT-C00460;10
FT-C01352;10
FT-C01330;10
FT-C00317;10
FT-C00521;10
FT-C00590;10
FT-C00146;10
FT-C00203;10
FT-C00349;10
FT-C01339;10
FT-C00316;10
FT-C00620;10
FT-C00532;10
FT-C00303;10
FT-C01155;10
FT-C00845;10
FT-C01012;10
FT-C01372;10
FT-C00630;10
FT-C01475;10
FT-C00420;10
FT-C00186;10
FT-C00986;10
FT-C01018;10
FT-C00513;10
FT-C00929;10
FT-C01498;10
FT-C00110;10
FT-C01112;10
FT-C01101;10
FT-C00246;10
FT-C00846;10
FT-C00695;9
FT-C01053;9
FT-C00175;9
FT-C00404;9
FT-C00240;9
FT-C00025;9
FT-C00705;9
FT-C00733;9
FT-C01490;9
FT-C00311;9
FT-C00363;9
FT-C01492;9
FT-C00849;9
FT-C01443;9
FT-C00654;9
FT-C00793;9
FT-C00304;9
FT-C00775;9
FT-C01309;9
FT-C01382;9
FT-C00004;9
FT-C00360;9
FT-C00413;9
FT-C01092;9
FT-C01115;9
FT-C01126;9
FT-C00826;9
FT-C01045;9
FT-C00917;9
FT-C01342;9
FT-C01409;9
FT-C01308;9
FT-C00361;9
FT-C00881;9
FT-C01359;9
FT-C00686;9
FT-C00213;9
FT-C00958;9
FT-C01256;9
FT-C01281;9
FT-C01280;9
FT-C00477;9
FT-C00196;9
FT-C00553;9
FT-C00810;9
FT-C00084;9
FT-C00742;9
FT-C00007;9
FT-C01114;9
FT-C01335;9
FT-C00562;9
FT-C01021;9
FT-C00535;9
FT-C01093;9
FT-C00314;9
FT-C00073;9
FT-C01036;9
FT-C00665;9
FT-C00051;9
FT-C00597;9
FT-C00273;9
FT-C00455;9
FT-C00074;9
FT-C01413;9
FT-C01076;9
FT-C00381;9
FT-C00981;9
FT-C00042;9
FT-C00160;9
FT-C00489;9
FT-C00575;9
FT-C00583;9
FT-C00448;9
FT-C00173;9
FT-C01358;9
FT-C01313;9
FT-C00773;9
FT-C00194;9
FT-C00623;9
FT-C00930;9
FT-C00722;9
FT-C00962;9
FT-C00101;9
FT-C01314;9
FT-C01138;9
FT-C00329;9
FT-C01084;9
FT-C00910;9
FT-C00626;9
FT-C00183;9
FT-C01113;9
FT-C00281;9
FT-C00684;9
FT-C01301;9
FT-C00862;9
FT-C01298;9
FT-C00034;9
FT-C00318;9
FT-C00871;9
FT-C01098;9
FT-C00835;9
FT-C00047;9
FT-C00483;9
FT-C01023;9
FT-C00512;9
FT-C00263;9
FT-C00985;9
FT-C01028;9
FT-C01347;9
FT-C01410;9
FT-C01057;9
FT-C00876;9
FT-C01329;9
FT-C00728;9
FT-C01467;9
FT-C00644;9
FT-C00954;9
FT-C01255;9
FT-C00824;9
FT-C01223;9
FT-C00839;9
FT-C01458;9
FT-C00331;9
FT-C00426;9
FT-C00944;9
FT-C00664;9
FT-C00312;9
FT-C00128;9
FT-C01468;9
FT-C00858;9
FT-C00525;9
FT-C00365;9
FT-C00469;9
FT-C00801;9
FT-C00526;9
FT-C00586;9
FT-C01073;9
FT-C00205;9
FT-C00450;9
FT-C01246;9
FT-C00837;9
FT-C00717;9
FT-C01050;9
FT-C00272;9
FT-C01161;9
FT-C00645;9
FT-C00864;9
FT-C00106;9
FT-C00920;9
FT-C00248;9
FT-C00842;9
FT-C00459;9
FT-C01094;9
FT-C01140;9
FT-C00177;9
FT-C01312;9
FT-C00475;9
FT-C01326;9
FT-C00555;9
FT-C00946;9
FT-C00207;9
FT-C00092;9
FT-C00454;9
FT-C01385;9
FT-C00735;9
FT-C00269;9
FT-C00972;9
FT-C01267;9
FT-C00323;9
FT-C01150;9
FT-C01392;9
FT-C01106;9
FT-C00912;9
FT-C01485;9
FT-C01356;9
FT-C01194;9
FT-C01224;9
FT-C00328;9
FT-C00324;9
FT-C00780;9
FT-C01119;9
FT-C00120;9
FT-C00806;9
FT-C01081;9
FT-C00874;9
FT-C00319;9
FT-C01208;9
FT-C00333;9
FT-C01030;9
FT-C00464;9
FT-C00434;9
FT-C00198;9
FT-C01441;9
FT-C01295;9
FT-C00438;9
FT-C00008;9
FT-C00584;9
FT-C00778;8
FT-C00094;8
FT-C00666;8
FT-C00633;8
FT-C01491;8
FT-C01055;8
FT-C01333;8
FT-C01214;8
FT-C00028;8
FT-C00894;8
FT-C00814;8
FT-C00100;8
FT-C01366;8
FT-C00565;8
FT-C00628;8
FT-C00498;8
FT-C00340;8
FT-C00785;8
FT-C00463;8
FT-C00247;8
FT-C00534;8
FT-C01136;8
FT-C00787;8
FT-C00254;8
FT-C00764;8
FT-C00271;8
FT-C00511;8
FT-C00585;8
FT-C00133;8
FT-C00119;8
FT-C00647;8
FT-C00518;8
FT-C00653;8
FT-C00250;8
FT-C01175;8
FT-C00904;8
FT-C01107;8
FT-C01407;8
FT-C01203;8
FT-C00385;8
FT-C00076;8
FT-C00663;8
FT-C00115;8
FT-C00201;8
FT-C01457;8
FT-C00078;8
FT-C01035;8
FT-C01185;8
FT-C00818;8
FT-C00043;8
FT-C00823;8
FT-C00926;8
FT-C01270;8
FT-C00841;8
FT-C01424;8
FT-C00911;8
FT-C01174;8
FT-C00024;8
FT-C00895;8
FT-C00453;8
FT-C00863;8
FT-C00538;8
FT-C00267;8
FT-C00332;8
FT-C00350;8
FT-C00285;8
FT-C01130;8
FT-C01009;8
FT-C00118;8
FT-C01022;8
FT-C01293;8
FT-C01097;8
FT-C00677;8
FT-C00786;8
FT-C00241;8
FT-C00790;8
FT-C00504;8
FT-C01038;8
FT-C00815;8
FT-C01384;8
FT-C00732;8
FT-C00180;8
FT-C01220;8
FT-C00667;8
FT-C01244;8
FT-C01456;8
FT-C01008;8
FT-C00140;8
FT-C00049;8
FT-C00893;8
FT-C00934;8
FT-C00991;8
FT-C01152;8
FT-C00383;8
FT-C00838;8
FT-C00602;8
FT-C01122;8
FT-C00138;8
FT-C01464;8
FT-C00116;8
FT-C00127;8
FT-C00767;8
FT-C00566;8
FT-C01002;8
FT-C00472;8
FT-C00416;8
FT-C00855;8
FT-C00095;8
FT-C00149;8
FT-C00400;8
FT-C00148;8
FT-C00109;8
FT-C01242;8
FT-C00315;8
FT-C01471;8
FT-C01016;8
FT-C01287;8
FT-C00540;8
FT-C01145;8
FT-C01266;8
FT-C00182;8
FT-C00754;8
FT-C00932;8
FT-C01343;8
FT-C00918;8
FT-C00933;8
FT-C00594;8
FT-C01397;8
FT-C00479;8
FT-C00689;8
FT-C01141;8
FT-C00655;8
FT-C00457;8
FT-C00658;8
FT-C00949;8
FT-C00380;8
FT-C00345;8
FT-C01071;8
FT-C01442;8
FT-C00727;8
FT-C00707;8
FT-C01446;8
FT-C00606;8
FT-C00009;8
FT-C00305;8
FT-C00851;8
FT-C00809;8
FT-C00268;8
FT-C00425;8
FT-C00741;8
FT-C00156;8
FT-C00821;8
FT-C00582;8
FT-C00660;8
FT-C00596;8
FT-C01288;8
FT-C01125;8
FT-C00053;8
FT-C00922;8
FT-C00064;8
FT-C01078;8
FT-C00081;8
FT-C00098;8
FT-C00071;8
FT-C00632;8
FT-C00151;8
FT-C01399;8
FT-C01226;8
FT-C00093;8
FT-C01430;8
FT-C00419;8
FT-C00353;8
FT-C01275;8
FT-C00879;8
FT-C00942;8
FT-C00153;8
FT-C01167;8
FT-C00854;8
FT-C00750;8
FT-C01184;8
FT-C00890;8
FT-C01090;8
FT-C00625;8
FT-C01496;8
FT-C01082;8
FT-C00297;7
FT-C01302;7
FT-C00097;7
FT-C01375;7
FT-C00712;7
FT-C00921;7
FT-C00467;7
FT-C01422;7
FT-C00888;7
FT-C01257;7
FT-C00044;7
FT-C01431;7
FT-C00500;7
FT-C00600;7
FT-C00016;7
FT-C00099;7
FT-C01377;7
FT-C00161;7
FT-C01304;7
FT-C01482;7
FT-C01186;7
FT-C01013;7
FT-C00237;7
FT-C00572;7
FT-C00422;7
FT-C00762;7
FT-C00556;7
FT-C00859;7
FT-C01371;7
FT-C00274;7
FT-C00075;7
FT-C01259;7
FT-C00495;7
FT-C01181;7
FT-C00223;7
FT-C00568;7
FT-C00121;7
FT-C01033;7
FT-C00659;7
FT-C00661;7
FT-C00014;7
FT-C01046;7
FT-C00856;7
FT-C00503;7
FT-C00638;7
FT-C00222;7
FT-C00990;7
FT-C01479;7
FT-C00091;7
FT-C00059;7
FT-C00013;7
FT-C00989;7
FT-C00758;7
FT-C01247;7
FT-C01177;7
FT-C01187;7
FT-C01489;7
FT-C00971;7
FT-C00836;7
FT-C00760;7
FT-C00960;7
FT-C00941;7
FT-C00834;7
FT-C00619;7
FT-C00356;7
FT-C00443;7
FT-C01160;7
FT-C00627;7
FT-C00964;7
FT-C00744;7
FT-C00446;7
FT-C01437;7
FT-C01083;7
FT-C00301;7
FT-C00393;7
FT-C01440;7
FT-C00611;7
FT-C01427;7
FT-C00539;7
FT-C01189;7
FT-C01010;7
FT-C00601;7
FT-C01209;7
FT-C00403;7
FT-C00465;7
FT-C01024;7
FT-C01039;7
FT-C00212;7
FT-C00987;7
FT-C00471;7
FT-C01176;7
FT-C00492;7
FT-C00691;7
FT-C00291;7
FT-C00338;7
FT-C01096;7
FT-C00678;7
FT-C01128;7
FT-C00788;7
FT-C01070;7
FT-C01202;7
FT-C00046;7
FT-C01289;7
FT-C00706;7
FT-C00402;7
FT-C00410;7
FT-C00797;7
FT-C00001;7
FT-C00382;7
FT-C01019;7
FT-C01269;7
FT-C00113;7
FT-C00244;7
FT-C01100;7
FT-C01164;7
FT-C01248;7
FT-C01142;7
FT-C00805;7
FT-C00481;7
FT-C00716;7
FT-C00723;7
FT-C00558;7
FT-C00680;7
FT-C00409;7
FT-C00730;7
FT-C00693;7
FT-C00105;7
FT-C01374;7
FT-C01463;7
FT-C01322;7
FT-C00745;7
FT-C00635;7
FT-C01205;7
FT-C01042;7
FT-C00408;7
FT-C00389;7
FT-C00848;7
FT-C01212;7
FT-C00736;7
FT-C01336;7
FT-C00188;7
FT-C01178;7
FT-C00501;7
FT-C00145;7
FT-C00599;7
FT-C01239;7
FT-C00431;7
FT-C01303;7
FT-C00507;7
FT-C00424;7
FT-C01317;7
FT-C00048;7
FT-C01499;7
FT-C00433;7
FT-C00648;7
FT-C01400;7
FT-C01133;7
FT-C01444;7
FT-C00289;7
FT-C00366;7
FT-C00114;7
FT-C00220;7
FT-C00613;7
FT-C00199;7
FT-C00541;7
FT-C00287;7
FT-C00476;7
FT-C00510;7
FT-C00265;7
FT-C00889;7
FT-C00216;7
FT-C00228;7
FT-C00152;7
FT-C00713;7
FT-C01258;7
FT-C00968;7
FT-C00975;7
FT-C00057;7
FT-C01438;7
FT-C00649;7
FT-C01234;7
FT-C01031;7
FT-C00605;7
FT-C01435;7
FT-C01337;7
FT-C01274;7
FT-C00005;7
FT-C00704;7
FT-C00516;7
FT-C00738;7
FT-C00980;7
FT-C00322;7
FT-C00435;7
FT-C01294;7
FT-C01225;7
FT-C00474;7
FT-C00740;7
FT-C00673;7
FT-C01447;7
FT-C00502;7
FT-C00708;7
FT-C00976;7
FT-C00669;7
FT-C01290;7
FT-C01414;7
FT-C01196;7
FT-C00330;7
FT-C01355;7
FT-C00039;7
FT-C00505;7
FT-C01027;7
FT-C00552;7
FT-C00484;7
FT-C00414;7
FT-C00292;7
FT-C00925;7
FT-C00251;6
FT-C00683;6
FT-C00309;6
FT-C01389;6
FT-C00278;6
FT-C01088;6
FT-C00334;6
FT-C00415;6
FT-C00058;6
FT-C00670;6
FT-C01380;6
FT-C01231;6
FT-C01250;6
FT-C00374;6
FT-C01151;6
FT-C01348;6
FT-C01069;6
FT-C00461;6
FT-C00675;6
FT-C00245;6
FT-C01159;6
FT-C00308;6
FT-C00963;6
FT-C01349;6
FT-C00168;6
FT-C00746;6
FT-C01170;6
FT-C01323;6
FT-C00731;6
FT-C00852;6
FT-C00536;6
FT-C01474;6
FT-C00803;6
FT-C01063;6
FT-C00276;6
FT-C01449;6
FT-C01188;6
FT-C01252;6
FT-C01434;6
FT-C00499;6
FT-C01200;6
FT-C00337;6
FT-C01011;6
FT-C00589;6
FT-C00029;6
FT-C00132;6
FT-C00493;6
FT-C00905;6
FT-C00681;6
FT-C01398;6
FT-C01395;6
FT-C01426;6
FT-C01233;6
FT-C00692;6
FT-C01393;6
FT-C00437;6
FT-C00554;6
FT-C01386;6
FT-C00441;6
FT-C00522;6
FT-C01216;6
FT-C00468;6
FT-C00336;6
FT-C01451;6
FT-C01180;6
FT-C01135;6
FT-C00294;6
FT-C00902;6
FT-C00313;6
FT-C00634;6
FT-C01047;6
FT-C00279;6
FT-C00875;6
FT-C01350;6
FT-C01072;6
FT-C00015;6
FT-C01470;6
FT-C00559;6
FT-C00178;6
FT-C00218;6
FT-C01488;6
FT-C00253;6
FT-C01417;6
FT-C00376;6
FT-C01403;6
FT-C01121;6
FT-C00307;6
FT-C00868;6
FT-C00916;6
FT-C00865;6
FT-C01230;6
FT-C01402;6
FT-C01111;6
FT-C01183;6
FT-C00296;6
FT-C00729;6
FT-C00820;6
FT-C00391;6
FT-C01357;6
FT-C00697;6
FT-C00610;6
FT-C00260;6
FT-C01191;6
FT-C00574;6
FT-C00122;6
FT-C00428;6
FT-C01332;6
FT-C00288;6
FT-C00295;6
FT-C01396;6
FT-C01273;6
FT-C00577;6
FT-C00808;6
FT-C01048;6
FT-C00354;6
FT-C01299;6
FT-C00488;6
FT-C01328;6
FT-C00082;6
FT-C00807;6
FT-C00913;6
FT-C00485;6
FT-C00067;6
FT-C00370;6
FT-C00210;6
FT-C00211;6
FT-C00636;6
FT-C00176;6
FT-C00642;6
FT-C00817;6
FT-C00650;6
FT-C00063;6
FT-C01297;6
FT-C00261;6
FT-C00739;6
FT-C01105;6
FT-C01182;6
FT-C00371;6
FT-C00482;6
FT-C01120;6
FT-C00748;6
FT-C01089;6
FT-C01466;6
FT-C01300;6
FT-C00171;6
FT-C00724;6
FT-C00131;6
FT-C00771;6
FT-C01166;6
FT-C01124;6
FT-C01169;6
FT-C01325;6
FT-C01213;6
FT-C01103;6
FT-C01370;6
FT-C01238;6
FT-C00130;6
FT-C01319;6
FT-C00819;6
FT-C00885;6
FT-C01210;6
FT-C00763;6
FT-C00598;6
FT-C00174;6
FT-C00480;6
FT-C01000;6
FT-C01253;6
FT-C00850;6
FT-C00219;6
FT-C01104;6
FT-C00781;6
FT-C00671;6
FT-C00310;6
FT-C00037;6
FT-C01445;6
FT-C00609;6
FT-C00544;6
FT-C01139;6
FT-C01207;6
FT-C00608;6
FT-C00258;6
FT-C01172;6
FT-C00720;6
FT-C00711;6
FT-C01127;5
FT-C01201;5
FT-C01123;5
FT-C00154;5
FT-C00449;5
FT-C00224;5
FT-C00252;5
FT-C00827;5
FT-C01433;5
FT-C01278;5
FT-C00158;5
FT-C01473;5
FT-C00506;5
FT-C01362;5
FT-C00550;5
FT-C00170;5
FT-C00038;5
FT-C00622;5
FT-C00517;5
FT-C01032;5
FT-C00277;5
FT-C00321;5
FT-C00811;5
FT-C01062;5
FT-C01286;5
FT-C00688;5
FT-C00050;5
FT-C00825;5
FT-C00006;5
FT-C00789;5
FT-C01495;5
FT-C01465;5
FT-C01074;5
FT-C01020;5
FT-C01052;5
FT-C00909;5
FT-C01341;5
FT-C00646;5
FT-C00230;5
FT-C01310;5
FT-C00974;5
FT-C00378;5
FT-C00880;5
FT-C00709;5
FT-C00283;5
FT-C00822;5
FT-C00494;5
FT-C00966;5
FT-C00873;5
FT-C01481;5
FT-C00239;5
FT-C01110;5
FT-C01147;5
FT-C00779;5
FT-C00668;5
FT-C00496;5
FT-C00090;5
FT-C00800;5
FT-C01025;5
FT-C00206;5
FT-C01146;5
FT-C01368;5
FT-C00698;5
FT-C00190;5
FT-C00829;5
FT-C00335;5
FT-C00607;5
FT-C00108;5
FT-C00891;5
FT-C01162;5
FT-C00060;5
FT-C01179;5
FT-C01390;5
FT-C00641;5
FT-C01235;5
FT-C01080;5
FT-C01237;5
FT-C01391;5
FT-C01307;5
FT-C01222;5
FT-C00359;5
FT-C01428;5
FT-C00629;5
FT-C01360;5
FT-C01315;5
FT-C00995;5
FT-C01171;5
FT-C00041;5
FT-C01049;5
FT-C00751;5
FT-C01108;5
FT-C01109;5
FT-C00999;5
FT-C00045;5
FT-C01354;5
FT-C00563;5
FT-C01432;5
FT-C01211;5
FT-C01102;5
FT-C01190;5
FT-C00275;5
FT-C00676;5
FT-C00978;5
FT-C00969;5
FT-C00682;5
FT-C01095;5
FT-C00527;5
FT-C00595;5
FT-C01387;5
FT-C00792;5
FT-C00714;5
FT-C00979;5
FT-C00372;5
FT-C01228;5
FT-C00545;5
FT-C00032;5
FT-C00945;5
FT-C00439;5
FT-C00587;5
FT-C00396;5
FT-C00191;5
FT-C00687;5
FT-C00135;5
FT-C00195;5
FT-C01472;5
FT-C00181;5
FT-C00967;5
FT-C01197;5
FT-C01291;5
FT-C00002;5
FT-C00514;5
FT-C01415;5
FT-C00853;5
FT-C00284;5
FT-C00136;5
FT-C01378;5
FT-C00012;4
FT-C00401;4
FT-C00142;4
FT-C00939;4
FT-C00866;4
FT-C01149;4
FT-C01497;4
FT-C01271;4
FT-C00226;4
FT-C00166;4
FT-C00164;4
FT-C00581;4
FT-C00070;4
FT-C01436;4
FT-C00604;4
FT-C00943;4
FT-C00398;4
FT-C00546;4
FT-C01058;4
FT-C00193;4
FT-C00352;4
FT-C00282;4
FT-C00346;4
FT-C00703;4
FT-C01144;4
FT-C00844;4
FT-C00772;4
FT-C00458;4
FT-C00325;4
FT-C01429;4
FT-C01254;4
FT-C00086;4
FT-C01165;4
FT-C00490;4
FT-C01168;4
FT-C00813;4
FT-C00752;4
FT-C01232;4
FT-C00088;4
FT-C00348;4
FT-C01192;4
FT-C00919;4
FT-C00242;4
FT-C00470;4
FT-C00379;4
FT-C00192;4
FT-C00753;4
FT-C00478;4
FT-C00784;4
FT-C01478;4
FT-C00423;4
FT-C00112;4
FT-C00914;4
FT-C00537;4
FT-C00172;4
FT-C00795;4
FT-C00054;4
FT-C00755;4
FT-C00696;4
FT-C01065;4
FT-C01131;4
FT-C01425;4
FT-C00906;4
FT-C00847;4
FT-C00951;4
FT-C00065;4
FT-C00290;4
FT-C01026;4
FT-C00159;4
FT-C00953;4
FT-C01276;4
FT-C00144;4
FT-C00286;4
FT-C01204;4
FT-C00208;4
FT-C00725;4
FT-C01137;4
FT-C01411;4
FT-C00062;4
FT-C01091;4
FT-C00947;4
FT-C00418;4
FT-C00235;4
FT-C00150;4
FT-C00833;4
FT-C00950;4
FT-C00068;4
FT-C00102;4
FT-C01005;4
FT-C01001;4
FT-C00802;4
FT-C00215;4
FT-C00887;4
FT-C01408;4
FT-C01331;4
FT-C01373;3
FT-C00843;3
FT-C00405;3
FT-C01245;3
FT-C01241;3
FT-C00236;3
FT-C01450;3
FT-C00185;3
FT-C01327;3
FT-C00124;3
FT-C01306;3
FT-C00197;3
FT-C00386;3
FT-C00020;3
FT-C01158;3
FT-C00759;3
FT-C00440;3
FT-C01484;3
FT-C00238;3
FT-C00747;3
FT-C00040;3
FT-C00264;3
FT-C01044;3
FT-C00935;3
FT-C00616;3
FT-C00411;3
FT-C00567;3
FT-C00299;3
FT-C00927;3
FT-C00442;3
FT-C00326;3
FT-C00427;3
FT-C01344;3
FT-C00069;3
FT-C00897;3
FT-C00700;3
FT-C01338;3
FT-C01006;3
FT-C00832;3
FT-C00830;3
FT-C00249;3
FT-C00417;3
FT-C01218;3
FT-C00769;3
FT-C00187;3
FT-C00061;2
FT-C00003;2
FT-C00860;2
FT-C00184;2
FT-C00390;2
FT-C00710;2
FT-C00631;2
FT-C01279;2
FT-C00591;2
FT-C00782;2
FT-C00923;2
FT-C00429;2
FT-C00139;2
FT-C00734;2
FT-C01292;1
FT-C00520;1
FT-C00983;1
