city;nb_transactions;avg_amount_ngn;nb_type_transfer;nb_type_card_purchase;nb_type_bill_payment;nb_type_cash_withdrawal;nb_type_deposit;nb_type_airtime_data;nb_channel_mobile_app;nb_channel_pos;nb_channel_web;nb_channel_atm;nb_channel_ussd;nb_device_android;nb_device_ios;nb_device_pos_terminal;nb_device_web_browser;nb_device_atm_terminal;nb_device_unknown;nb_international;nb_domestic;nb_status_successful;nb_status_failed;nb_status_reversed;nb_status_pending;nb_risk_flagged;nb_risk_not_flagged
Abuja;1461;42471.98;419;393;162;175;155;157;644;297;230;187;103;557;386;187;198;121;12;51;1410;1335;68;37;21;263;1198
Benin City;1451;43685.16;424;381;167;173;153;153;624;272;223;231;101;581;363;195;161;141;10;63;1388;1306;79;47;19;300;1151
Enugu;1484;46564.38;425;393;184;169;162;151;611;307;235;220;111;568;379;201;181;139;16;64;1420;1356;72;33;23;280;1204
Ibadan;1550;52526.21;477;344;198;187;187;157;654;323;245;211;117;622;374;201;178;158;17;60;1490;1380;84;52;34;319;1231
Kaduna;1481;47521.10;449;352;189;176;156;159;631;291;220;222;117;599;342;191;188;155;6;51;1430;1347;70;39;25;297;1184
Kano;1526;48764.39;478;380;199;165;175;129;620;319;244;230;113;635;363;192;180;142;14;63;1463;1368;92;40;26;300;1226
Lagos;1431;44708.84;405;387;169;180;155;135;617;276;211;222;105;565;347;194;180;140;5;72;1359;1301;76;32;22;279;1152
Port Harcourt;1520;46960.42;448;373;194;193;174;138;658;288;245;210;119;634;346;195;169;164;12;54;1466;1377;85;42;16;301;1219
Unknown;96;45521.44;24;30;13;12;11;6;43;20;16;14;3;36;20;15;12;9;4;2;94;86;4;4;2;13;83
